{"WayPoints": {
    "SpeedPoints": {
        "desc": "",
        "range": {
            "min": 0,
            "max": 0,
            "lBound": "NONE",
            "outside": "false",
            "uBound": "NONE"
        },
        "value": [
            [
                "10",
                "-100",
                "-3.14"
            ],
            [
                "130",
                "-140",
                "0"
            ],
            [
                "130",
                "-60",
                "0"
            ],
            [
                "250",
                "-100",
                "0"
            ]
        ],
        "type": "vector_float"
    },
    "StabilityPoints": {
        "desc": "",
        "range": {
            "min": 0,
            "max": 0,
            "lBound": "NONE",
            "outside": "false",
            "uBound": "NONE"
        },
        "value": [
            [
                "150",
                "-150",
                "-3.14"
            ],
            [
                "-150",
                "150",
                "0"
            ]
        ],
        "type": "vector_float"
    }
}}